Harga,Ulasan
2806768,14
2200000,2247
866221,186
920455,59
1147842,1151
1859504,1442
197166,43
826447,67
878303,20
916364,62
1099979,442
1020000,2365
1115702,25
2077135,212
891667,11
1446281,37
991736,57
702479,46
654545,697
564043,363
231405,119
526859,549
349174,498
167355,145
486669,543
520661,553
502555,78
2181818,1571
454545,62
202479,215
462810,163
216897,75
2806768,14
2200000,2247
866221,186
920455,59
1147842,1151
1859504,1442
197166,43
826447,67
878303,20
916364,62
1099979,442
1020000,2365
1115702,25
2077135,212
891667,11
1446281,37
991736,57
702479,46
654545,697
564043,363
231405,119
526859,549
349174,498
167355,145
486669,543
520661,553
502555,78
2181818,1571
454545,62
202479,215
462810,163
216897,75
2806768,14
2200000,2247
866221,186
920455,59
1147842,1151
1859504,1442
197166,43
826447,67
878303,20
916364,62
1099979,442
1020000,2365
1115702,25
2077135,212
891667,11
1446281,37
991736,57
702479,46
654545,697
564043,363
231405,119
526859,549
349174,498
167355,145
486669,543
520661,553
502555,78
2181818,1571
454545,62
202479,215
462810,163
216897,75
197055,43
1570248,113
1183636,27
515706,470
961983,37
872396,89
1570248,113
909592,291
687886,52
619835,280
1291240,6
1363636,86
794595,35
1079545,19
659091,31
1735537,8
625455,304
619835,91
1293306,44
295455,46
224267,54
743802,335
330579,90
539256,263
454545,42
292562,346
285333,34
5191291,1095
537190,23
165289,23
500000,125
369118,195
